Date,Visitor,G,Home,G,,Att.,LOG,Notes
2018-10-03,Anaheim Ducks,,San Jose Sharks,,,,,
2018-10-03,Montreal Canadiens,,Toronto Maple Leafs,,,,,
2018-10-03,Calgary Flames,,Vancouver Canucks,,,,,
2018-10-03,Boston Bruins,,Washington Capitals,,,,,
2018-10-04,Boston Bruins,,Buffalo Sabres,,,,,
2018-10-04,New York Islanders,,Carolina Hurricanes,,,,,
2018-10-04,Minnesota Wild,,Colorado Avalanche,,,,,
2018-10-04,Arizona Coyotes,,Dallas Stars,,,,,
2018-10-04,Columbus Blue Jackets,,Detroit Red Wings,,,,,
2018-10-04,Nashville Predators,,New York Rangers,,,,,
2018-10-04,Chicago Blackhawks,,Ottawa Senators,,,,,
2018-10-04,Washington Capitals,,Pittsburgh Penguins,,,,,
2018-10-04,Winnipeg Jets,,St. Louis Blues,,,,,
2018-10-04,Philadelphia Flyers,,Vegas Golden Knights,,,,,
2018-10-05,Carolina Hurricanes,,Columbus Blue Jackets,,,,,
2018-10-05,San Jose Sharks,,Los Angeles Kings,,,,,
2018-10-06,Anaheim Ducks,,Arizona Coyotes,,,,,
2018-10-06,New York Rangers,,Buffalo Sabres,,,,,
2018-10-06,Vancouver Canucks,,Calgary Flames,,,,,
2018-10-06,Philadelphia Flyers,,Colorado Avalanche,,,,,
2018-10-06,Winnipeg Jets,,Dallas Stars,,,,,
2018-10-06,Vegas Golden Knights,,Minnesota Wild,,,,,
2018-10-06,Edmonton Oilers,,New Jersey Devils,,,,,
2018-10-06,Nashville Predators,,New York Islanders,,,,,
2018-10-06,Montreal Canadiens,,Pittsburgh Penguins,,,,,
2018-10-06,Chicago Blackhawks,,St. Louis Blues,,,,,
2018-10-06,Florida Panthers,,Tampa Bay Lightning,,,,,
2018-10-06,Ottawa Senators,,Toronto Maple Leafs,,,,,
2018-10-07,New York Rangers,,Carolina Hurricanes,,,,,
2018-10-07,Toronto Maple Leafs,,Chicago Blackhawks,,,,,
2018-10-07,Detroit Red Wings,,Los Angeles Kings,,,,,
2018-10-08,Detroit Red Wings,,Anaheim Ducks,,,,,
2018-10-08,Ottawa Senators,,Boston Bruins,,,,,
2018-10-08,Vegas Golden Knights,,Buffalo Sabres,,,,,
2018-10-08,San Jose Sharks,,New York Islanders,,,,,
2018-10-09,Vancouver Canucks,,Carolina Hurricanes,,,,,
2018-10-09,Colorado Avalanche,,Columbus Blue Jackets,,,,,
2018-10-09,Toronto Maple Leafs,,Dallas Stars,,,,,
2018-10-09,Calgary Flames,,Nashville Predators,,,,,
2018-10-09,San Jose Sharks,,Philadelphia Flyers,,,,,
2018-10-09,Los Angeles Kings,,Winnipeg Jets,,,,,
2018-10-10,Arizona Coyotes,,Anaheim Ducks,,,,,
2018-10-10,Philadelphia Flyers,,Ottawa Senators,,,,,
2018-10-10,Vegas Golden Knights,,Washington Capitals,,,,,
2018-10-11,Edmonton Oilers,,Boston Bruins,,,,,
2018-10-11,Colorado Avalanche,,Buffalo Sabres,,,,,
2018-10-11,Toronto Maple Leafs,,Detroit Red Wings,,,,,
2018-10-11,Columbus Blue Jackets,,Florida Panthers,,,,,
2018-10-11,Chicago Blackhawks,,Minnesota Wild,,,,,
2018-10-11,Los Angeles Kings,,Montreal Canadiens,,,,,
2018-10-11,Washington Capitals,,New Jersey Devils,,,,,
2018-10-11,Winnipeg Jets,,Nashville Predators,,,,,
2018-10-11,San Jose Sharks,,New York Rangers,,,,,
2018-10-11,Vegas Golden Knights,,Pittsburgh Penguins,,,,,
2018-10-11,Calgary Flames,,St. Louis Blues,,,,,
2018-10-11,Vancouver Canucks,,Tampa Bay Lightning,,,,,
2018-10-13,Buffalo Sabres,,Arizona Coyotes,,,,,
2018-10-13,Detroit Red Wings,,Boston Bruins,,,,,
2018-10-13,St. Louis Blues,,Chicago Blackhawks,,,,,
2018-10-13,Calgary Flames,,Colorado Avalanche,,,,,
2018-10-13,Anaheim Ducks,,Dallas Stars,,,,,
2018-10-13,Vancouver Canucks,,Florida Panthers,,,,,
2018-10-13,Carolina Hurricanes,,Minnesota Wild,,,,,
2018-10-13,Pittsburgh Penguins,,Montreal Canadiens,,,,,
2018-10-13,New York Islanders,,Nashville Predators,,,,,
2018-10-13,Edmonton Oilers,,New York Rangers,,,,,
2018-10-13,Los Angeles Kings,,Ottawa Senators,,,,,
2018-10-13,Vegas Golden Knights,,Philadelphia Flyers,,,,,
2018-10-13,Columbus Blue Jackets,,Tampa Bay Lightning,,,,,
2018-10-13,Toronto Maple Leafs,,Washington Capitals,,,,,
2018-10-14,San Jose Sharks,,New Jersey Devils,,,,,
2018-10-14,Anaheim Ducks,,St. Louis Blues,,,,,
2018-10-14,Carolina Hurricanes,,Winnipeg Jets,,,,,
2018-10-15,Detroit Red Wings,,Montreal Canadiens,,,,,
2018-10-15,Minnesota Wild,,Nashville Predators,,,,,
2018-10-15,Dallas Stars,,Ottawa Senators,,,,,
2018-10-15,Los Angeles Kings,,Toronto Maple Leafs,,,,,
2018-10-16,Arizona Coyotes,,Minnesota Wild,,,,,
2018-10-16,Dallas Stars,,New Jersey Devils,,,,,
2018-10-16,Colorado Avalanche,,New York Rangers,,,,,
2018-10-16,Florida Panthers,,Philadelphia Flyers,,,,,
2018-10-16,Vancouver Canucks,,Pittsburgh Penguins,,,,,
2018-10-16,Carolina Hurricanes,,Tampa Bay Lightning,,,,,
2018-10-16,Buffalo Sabres,,Vegas Golden Knights,,,,,
2018-10-16,Edmonton Oilers,,Winnipeg Jets,,,,,
2018-10-17,New York Islanders,,Anaheim Ducks,,,,,
2018-10-17,Boston Bruins,,Calgary Flames,,,,,
2018-10-17,St. Louis Blues,,Montreal Canadiens,,,,,
2018-10-17,New York Rangers,,Washington Capitals,,,,,
2018-10-18,Philadelphia Flyers,,Columbus Blue Jackets,,,,,
2018-10-18,Arizona Coyotes,,Chicago Blackhawks,,,,,
2018-10-18,Boston Bruins,,Edmonton Oilers,,,,,
2018-10-18,New York Islanders,,Los Angeles Kings,,,,,
2018-10-18,Colorado Avalanche,,New Jersey Devils,,,,,
2018-10-18,Buffalo Sabres,,San Jose Sharks,,,,,
2018-10-18,Detroit Red Wings,,Tampa Bay Lightning,,,,,
2018-10-18,Pittsburgh Penguins,,Toronto Maple Leafs,,,,,
2018-10-18,Vancouver Canucks,,Winnipeg Jets,,,,,
2018-10-19,Nashville Predators,,Calgary Flames,,,,,
2018-10-19,Minnesota Wild,,Dallas Stars,,,,,
2018-10-19,Florida Panthers,,Washington Capitals,,,,,
2018-10-20,Colorado Avalanche,,Carolina Hurricanes,,,,,
2018-10-20,Chicago Blackhawks,,Columbus Blue Jackets,,,,,
2018-10-20,Nashville Predators,,Edmonton Oilers,,,,,
2018-10-20,Detroit Red Wings,,Florida Panthers,,,,,
2018-10-20,Buffalo Sabres,,Los Angeles Kings,,,,,
2018-10-20,Tampa Bay Lightning,,Minnesota Wild,,,,,
2018-10-20,Montreal Canadiens,,Ottawa Senators,,,,,
2018-10-20,New Jersey Devils,,Philadelphia Flyers,,,,,
2018-10-20,New York Islanders,,San Jose Sharks,,,,,
2018-10-20,St. Louis Blues,,Toronto Maple Leafs,,,,,
2018-10-20,Boston Bruins,,Vancouver Canucks,,,,,
2018-10-20,Anaheim Ducks,,Vegas Golden Knights,,,,,
2018-10-20,Arizona Coyotes,,Winnipeg Jets,,,,,
2018-10-21,Buffalo Sabres,,Anaheim Ducks,,,,,
2018-10-21,Tampa Bay Lightning,,Chicago Blackhawks,,,,,
2018-10-21,Calgary Flames,,New York Rangers,,,,,
2018-10-22,Carolina Hurricanes,,Detroit Red Wings,,,,,
2018-10-22,Colorado Avalanche,,Philadelphia Flyers,,,,,
2018-10-22,Washington Capitals,,Vancouver Canucks,,,,,
2018-10-22,St. Louis Blues,,Winnipeg Jets,,,,,
2018-10-23,Arizona Coyotes,,Columbus Blue Jackets,,,,,
2018-10-23,Anaheim Ducks,,Chicago Blackhawks,,,,,
2018-10-23,Los Angeles Kings,,Dallas Stars,,,,,
2018-10-23,Pittsburgh Penguins,,Edmonton Oilers,,,,,
2018-10-23,Calgary Flames,,Montreal Canadiens,,,,,
2018-10-23,San Jose Sharks,,Nashville Predators,,,,,
2018-10-23,Florida Panthers,,New York Rangers,,,,,
2018-10-23,Boston Bruins,,Ottawa Senators,,,,,
2018-10-24,Tampa Bay Lightning,,Colorado Avalanche,,,,,
2018-10-24,Florida Panthers,,New York Islanders,,,,,
2018-10-24,Vancouver Canucks,,Vegas Golden Knights,,,,,
2018-10-24,Toronto Maple Leafs,,Winnipeg Jets,,,,,
2018-10-25,Vancouver Canucks,,Arizona Coyotes,,,,,
2018-10-25,Philadelphia Flyers,,Boston Bruins,,,,,
2018-10-25,Montreal Canadiens,,Buffalo Sabres,,,,,
2018-10-25,Pittsburgh Penguins,,Calgary Flames,,,,,
2018-10-25,New York Rangers,,Chicago Blackhawks,,,,,
2018-10-25,Anaheim Ducks,,Dallas Stars,,,,,
2018-10-25,Washington Capitals,,Edmonton Oilers,,,,,
2018-10-25,Los Angeles Kings,,Minnesota Wild,,,,,
2018-10-25,Nashville Predators,,New Jersey Devils,,,,,
2018-10-25,Columbus Blue Jackets,,St. Louis Blues,,,,,
2018-10-26,San Jose Sharks,,Carolina Hurricanes,,,,,
2018-10-26,Ottawa Senators,,Colorado Avalanche,,,,,
2018-10-26,Winnipeg Jets,,Detroit Red Wings,,,,,
2018-10-26,Tampa Bay Lightning,,Vegas Golden Knights,,,,,
2018-10-27,Tampa Bay Lightning,,Arizona Coyotes,,,,,
2018-10-27,Montreal Canadiens,,Boston Bruins,,,,,
2018-10-27,Buffalo Sabres,,Columbus Blue Jackets,,,,,
2018-10-27,Washington Capitals,,Calgary Flames,,,,,
2018-10-27,Colorado Avalanche,,Minnesota Wild,,,,,
2018-10-27,Florida Panthers,,New Jersey Devils,,,,,
2018-10-27,Edmonton Oilers,,Nashville Predators,,,,,
2018-10-27,New York Islanders,,Philadelphia Flyers,,,,,
2018-10-27,Chicago Blackhawks,,St. Louis Blues,,,,,
2018-10-27,Winnipeg Jets,,Toronto Maple Leafs,,,,,
2018-10-27,Pittsburgh Penguins,,Vancouver Canucks,,,,,
2018-10-28,San Jose Sharks,,Anaheim Ducks,,,,,
2018-10-28,New York Islanders,,Carolina Hurricanes,,,,,
2018-10-28,Edmonton Oilers,,Chicago Blackhawks,,,,,
2018-10-28,Dallas Stars,,Detroit Red Wings,,,,,
2018-10-28,New York Rangers,,Los Angeles Kings,,,,,
2018-10-28,Ottawa Senators,,Vegas Golden Knights,,,,,
2018-10-29,Calgary Flames,,Toronto Maple Leafs,,,,,
2018-10-29,Minnesota Wild,,Vancouver Canucks,,,,,
2018-10-30,Philadelphia Flyers,,Anaheim Ducks,,,,,
2018-10-30,Ottawa Senators,,Arizona Coyotes,,,,,
2018-10-30,Calgary Flames,,Buffalo Sabres,,,,,
2018-10-30,Boston Bruins,,Carolina Hurricanes,,,,,
2018-10-30,Detroit Red Wings,,Columbus Blue Jackets,,,,,
2018-10-30,Minnesota Wild,,Edmonton Oilers,,,,,
2018-10-30,Dallas Stars,,Montreal Canadiens,,,,,
2018-10-30,Vegas Golden Knights,,Nashville Predators,,,,,
2018-10-30,New York Islanders,,Pittsburgh Penguins,,,,,
2018-10-30,New York Rangers,,San Jose Sharks,,,,,
2018-10-30,New Jersey Devils,,Tampa Bay Lightning,,,,,
2018-10-31,Chicago Blackhawks,,Vancouver Canucks,,,,,
2018-11-01,New York Rangers,,Anaheim Ducks,,,,,
2018-11-01,Colorado Avalanche,,Calgary Flames,,,,,
2018-11-01,New Jersey Devils,,Detroit Red Wings,,,,,
2018-11-01,Chicago Blackhawks,,Edmonton Oilers,,,,,
2018-11-01,Winnipeg Jets,,Florida Panthers,,,,,
2018-11-01,Philadelphia Flyers,,Los Angeles Kings,,,,,
2018-11-01,Washington Capitals,,Montreal Canadiens,,,,,
2018-11-01,Pittsburgh Penguins,,New York Islanders,,,,,
2018-11-01,Buffalo Sabres,,Ottawa Senators,,,,,
2018-11-01,Columbus Blue Jackets,,San Jose Sharks,,,,,
2018-11-01,Vegas Golden Knights,,St. Louis Blues,,,,,
2018-11-01,Nashville Predators,,Tampa Bay Lightning,,,,,
2018-11-01,Dallas Stars,,Toronto Maple Leafs,,,,,
2018-11-02,Carolina Hurricanes,,Arizona Coyotes,,,,,
2018-11-02,Colorado Avalanche,,Vancouver Canucks,,,,,
2018-11-02,Florida Panthers,,Winnipeg Jets,,,,,
2018-11-03,Ottawa Senators,,Buffalo Sabres,,,,,
2018-11-03,Chicago Blackhawks,,Calgary Flames,,,,,
2018-11-03,Edmonton Oilers,,Detroit Red Wings,,,,,
2018-11-03,Columbus Blue Jackets,,Los Angeles Kings,,,,,
2018-11-03,Tampa Bay Lightning,,Montreal Canadiens,,,,,
2018-11-03,Boston Bruins,,Nashville Predators,,,,,
2018-11-03,New Jersey Devils,,New York Islanders,,,,,
2018-11-03,Toronto Maple Leafs,,Pittsburgh Penguins,,,,,
2018-11-03,Philadelphia Flyers,,San Jose Sharks,,,,,
2018-11-03,Minnesota Wild,,St. Louis Blues,,,,,
2018-11-03,Carolina Hurricanes,,Vegas Golden Knights,,,,,
2018-11-03,Dallas Stars,,Washington Capitals,,,,,
2018-11-04,Columbus Blue Jackets,,Anaheim Ducks,,,,,
2018-11-04,Buffalo Sabres,,New York Rangers,,,,,
2018-11-04,Tampa Bay Lightning,,Ottawa Senators,,,,,
2018-11-05,Philadelphia Flyers,,Arizona Coyotes,,,,,
2018-11-05,Dallas Stars,,Boston Bruins,,,,,
2018-11-05,Montreal Canadiens,,New York Islanders,,,,,
2018-11-05,New Jersey Devils,,Pittsburgh Penguins,,,,,
2018-11-05,Edmonton Oilers,,Washington Capitals,,,,,
2018-11-06,Dallas Stars,,Columbus Blue Jackets,,,,,
2018-11-06,Vancouver Canucks,,Detroit Red Wings,,,,,
2018-11-06,Anaheim Ducks,,Los Angeles Kings,,,,,
2018-11-06,Montreal Canadiens,,New York Rangers,,,,,
2018-11-06,New Jersey Devils,,Ottawa Senators,,,,,
2018-11-06,Minnesota Wild,,San Jose Sharks,,,,,
2018-11-06,Carolina Hurricanes,,St. Louis Blues,,,,,
2018-11-06,Edmonton Oilers,,Tampa Bay Lightning,,,,,
2018-11-06,Vegas Golden Knights,,Toronto Maple Leafs,,,,,
2018-11-07,Calgary Flames,,Anaheim Ducks,,,,,
2018-11-07,Nashville Predators,,Colorado Avalanche,,,,,
2018-11-07,Pittsburgh Penguins,,Washington Capitals,,,,,
2018-11-08,Vancouver Canucks,,Boston Bruins,,,,,
2018-11-08,Carolina Hurricanes,,Chicago Blackhawks,,,,,
2018-11-08,San Jose Sharks,,Dallas Stars,,,,,
2018-11-08,Edmonton Oilers,,Florida Panthers,,,,,
2018-11-08,Minnesota Wild,,Los Angeles Kings,,,,,
2018-11-08,Buffalo Sabres,,Montreal Canadiens,,,,,
2018-11-08,Vegas Golden Knights,,Ottawa Senators,,,,,
2018-11-08,Arizona Coyotes,,Philadelphia Flyers,,,,,
2018-11-08,New York Islanders,,Tampa Bay Lightning,,,,,
2018-11-09,Minnesota Wild,,Anaheim Ducks,,,,,
2018-11-09,New York Rangers,,Detroit Red Wings,,,,,
2018-11-09,San Jose Sharks,,St. Louis Blues,,,,,
2018-11-09,New Jersey Devils,,Toronto Maple Leafs,,,,,
2018-11-09,Colorado Avalanche,,Winnipeg Jets,,,,,
2018-11-09,Columbus Blue Jackets,,Washington Capitals,,,,,
2018-11-10,Toronto Maple Leafs,,Boston Bruins,,,,,
2018-11-10,Vancouver Canucks,,Buffalo Sabres,,,,,
2018-11-10,Detroit Red Wings,,Carolina Hurricanes,,,,,
2018-11-10,New York Rangers,,Columbus Blue Jackets,,,,,
2018-11-10,Nashville Predators,,Dallas Stars,,,,,
2018-11-10,New York Islanders,,Florida Panthers,,,,,
2018-11-10,Calgary Flames,,Los Angeles Kings,,,,,
2018-11-10,Vegas Golden Knights,,Montreal Canadiens,,,,,
2018-11-10,Chicago Blackhawks,,Philadelphia Flyers,,,,,
2018-11-10,Arizona Coyotes,,Pittsburgh Penguins,,,,,
2018-11-10,Ottawa Senators,,Tampa Bay Lightning,,,,,
2018-11-11,Vegas Golden Knights,,Boston Bruins,,,,,
2018-11-11,Colorado Avalanche,,Edmonton Oilers,,,,,
2018-11-11,Ottawa Senators,,Florida Panthers,,,,,
2018-11-11,Calgary Flames,,San Jose Sharks,,,,,
2018-11-11,Minnesota Wild,,St. Louis Blues,,,,,
2018-11-11,New Jersey Devils,,Winnipeg Jets,,,,,
2018-11-11,Arizona Coyotes,,Washington Capitals,,,,,
2018-11-12,Nashville Predators,,Anaheim Ducks,,,,,
2018-11-12,Chicago Blackhawks,,Carolina Hurricanes,,,,,
2018-11-12,Columbus Blue Jackets,,Dallas Stars,,,,,
2018-11-12,Vancouver Canucks,,New York Rangers,,,,,
2018-11-13,Tampa Bay Lightning,,Buffalo Sabres,,,,,
2018-11-13,Arizona Coyotes,,Detroit Red Wings,,,,,
2018-11-13,Montreal Canadiens,,Edmonton Oilers,,,,,
2018-11-13,Toronto Maple Leafs,,Los Angeles Kings,,,,,
2018-11-13,Washington Capitals,,Minnesota Wild,,,,,
2018-11-13,Pittsburgh Penguins,,New Jersey Devils,,,,,
2018-11-13,Vancouver Canucks,,New York Islanders,,,,,
2018-11-13,Florida Panthers,,Philadelphia Flyers,,,,,
2018-11-13,Nashville Predators,,San Jose Sharks,,,,,
2018-11-14,St. Louis Blues,,Chicago Blackhawks,,,,,
2018-11-14,Boston Bruins,,Colorado Avalanche,,,,,
2018-11-14,Anaheim Ducks,,Vegas Golden Knights,,,,,
2018-11-14,Washington Capitals,,Winnipeg Jets,,,,,
2018-11-15,Nashville Predators,,Arizona Coyotes,,,,,
2018-11-15,Florida Panthers,,Columbus Blue Jackets,,,,,
2018-11-15,Montreal Canadiens,,Calgary Flames,,,,,
2018-11-15,Vancouver Canucks,,Minnesota Wild,,,,,
2018-11-15,New York Rangers,,New York Islanders,,,,,
2018-11-15,Detroit Red Wings,,Ottawa Senators,,,,,
2018-11-15,New Jersey Devils,,Philadelphia Flyers,,,,,
2018-11-15,Tampa Bay Lightning,,Pittsburgh Penguins,,,,,
2018-11-15,Toronto Maple Leafs,,San Jose Sharks,,,,,
2018-11-16,Toronto Maple Leafs,,Anaheim Ducks,,,,,
2018-11-16,Los Angeles Kings,,Chicago Blackhawks,,,,,
2018-11-16,Washington Capitals,,Colorado Avalanche,,,,,
2018-11-16,Boston Bruins,,Dallas Stars,,,,,
2018-11-16,St. Louis Blues,,Vegas Golden Knights,,,,,
2018-11-16,Buffalo Sabres,,Winnipeg Jets,,,,,
2018-11-17,Boston Bruins,,Arizona Coyotes,,,,,
2018-11-17,Columbus Blue Jackets,,Carolina Hurricanes,,,,,
2018-11-17,Edmonton Oilers,,Calgary Flames,,,,,
2018-11-17,Buffalo Sabres,,Minnesota Wild,,,,,
2018-11-17,Detroit Red Wings,,New Jersey Devils,,,,,
2018-11-17,Los Angeles Kings,,Nashville Predators,,,,,
2018-11-17,Florida Panthers,,New York Rangers,,,,,
2018-11-17,Pittsburgh Penguins,,Ottawa Senators,,,,,
2018-11-17,Tampa Bay Lightning,,Philadelphia Flyers,,,,,
2018-11-17,St. Louis Blues,,San Jose Sharks,,,,,
2018-11-17,Montreal Canadiens,,Vancouver Canucks,,,,,
2018-11-18,Colorado Avalanche,,Anaheim Ducks,,,,,
2018-11-18,New Jersey Devils,,Carolina Hurricanes,,,,,
2018-11-18,Minnesota Wild,,Chicago Blackhawks,,,,,
2018-11-18,Vegas Golden Knights,,Edmonton Oilers,,,,,
2018-11-18,Dallas Stars,,New York Islanders,,,,,
2018-11-19,Vegas Golden Knights,,Calgary Flames,,,,,
2018-11-19,Washington Capitals,,Montreal Canadiens,,,,,
2018-11-19,Tampa Bay Lightning,,Nashville Predators,,,,,
2018-11-19,Dallas Stars,,New York Rangers,,,,,
2018-11-19,Florida Panthers,,Ottawa Senators,,,,,
2018-11-19,Buffalo Sabres,,Pittsburgh Penguins,,,,,
2018-11-19,Los Angeles Kings,,St. Louis Blues,,,,,
2018-11-19,Columbus Blue Jackets,,Toronto Maple Leafs,,,,,
2018-11-19,Winnipeg Jets,,Vancouver Canucks,,,,,
2018-11-20,Edmonton Oilers,,San Jose Sharks,,,,,
2018-11-21,Vancouver Canucks,,Anaheim Ducks,,,,,
2018-11-21,Vegas Golden Knights,,Arizona Coyotes,,,,,
2018-11-21,Philadelphia Flyers,,Buffalo Sabres,,,,,
2018-11-21,Toronto Maple Leafs,,Carolina Hurricanes,,,,,
2018-11-21,Winnipeg Jets,,Calgary Flames,,,,,
2018-11-21,Boston Bruins,,Detroit Red Wings,,,,,
2018-11-21,Colorado Avalanche,,Los Angeles Kings,,,,,
2018-11-21,Ottawa Senators,,Minnesota Wild,,,,,
2018-11-21,Montreal Canadiens,,New Jersey Devils,,,,,
2018-11-21,St. Louis Blues,,Nashville Predators,,,,,
2018-11-21,New York Islanders,,New York Rangers,,,,,
2018-11-21,Dallas Stars,,Pittsburgh Penguins,,,,,
2018-11-21,Florida Panthers,,Tampa Bay Lightning,,,,,
2018-11-21,Chicago Blackhawks,,Washington Capitals,,,,,
2018-11-23,Edmonton Oilers,,Anaheim Ducks,,,,,
2018-11-23,Colorado Avalanche,,Arizona Coyotes,,,,,
2018-11-23,Pittsburgh Penguins,,Boston Bruins,,,,,
2018-11-23,Montreal Canadiens,,Buffalo Sabres,,,,,
2018-11-23,Florida Panthers,,Carolina Hurricanes,,,,,
2018-11-23,Toronto Maple Leafs,,Columbus Blue Jackets,,,,,
2018-11-23,Ottawa Senators,,Dallas Stars,,,,,
2018-11-23,Winnipeg Jets,,Minnesota Wild,,,,,
2018-11-23,New York Islanders,,New Jersey Devils,,,,,
2018-11-23,New York Rangers,,Philadelphia Flyers,,,,,
2018-11-23,Vancouver Canucks,,San Jose Sharks,,,,,
2018-11-23,Nashville Predators,,St. Louis Blues,,,,,
2018-11-23,Chicago Blackhawks,,Tampa Bay Lightning,,,,,
2018-11-23,Calgary Flames,,Vegas Golden Knights,,,,,
2018-11-23,Detroit Red Wings,,Washington Capitals,,,,,
2018-11-24,Dallas Stars,,Colorado Avalanche,,,,,
2018-11-24,Buffalo Sabres,,Detroit Red Wings,,,,,
2018-11-24,Chicago Blackhawks,,Florida Panthers,,,,,
2018-11-24,Vancouver Canucks,,Los Angeles Kings,,,,,
2018-11-24,Boston Bruins,,Montreal Canadiens,,,,,
2018-11-24,Carolina Hurricanes,,New York Islanders,,,,,
2018-11-24,Washington Capitals,,New York Rangers,,,,,
2018-11-24,Columbus Blue Jackets,,Pittsburgh Penguins,,,,,
2018-11-24,Winnipeg Jets,,St. Louis Blues,,,,,
2018-11-24,Philadelphia Flyers,,Toronto Maple Leafs,,,,,
2018-11-24,San Jose Sharks,,Vegas Golden Knights,,,,,
2018-11-25,Calgary Flames,,Arizona Coyotes,,,,,
2018-11-25,Edmonton Oilers,,Los Angeles Kings,,,,,
2018-11-25,Anaheim Ducks,,Nashville Predators,,,,,
2018-11-25,New Jersey Devils,,Tampa Bay Lightning,,,,,
2018-11-26,Columbus Blue Jackets,,Detroit Red Wings,,,,,
2018-11-26,New Jersey Devils,,Florida Panthers,,,,,
2018-11-26,Washington Capitals,,New York Islanders,,,,,
2018-11-26,Ottawa Senators,,New York Rangers,,,,,
2018-11-26,Boston Bruins,,Toronto Maple Leafs,,,,,
2018-11-27,San Jose Sharks,,Buffalo Sabres,,,,,
2018-11-27,Vegas Golden Knights,,Chicago Blackhawks,,,,,
2018-11-27,Dallas Stars,,Edmonton Oilers,,,,,
2018-11-27,Arizona Coyotes,,Minnesota Wild,,,,,
2018-11-27,Carolina Hurricanes,,Montreal Canadiens,,,,,
2018-11-27,Colorado Avalanche,,Nashville Predators,,,,,
2018-11-27,Ottawa Senators,,Philadelphia Flyers,,,,,
2018-11-27,Anaheim Ducks,,Tampa Bay Lightning,,,,,
2018-11-27,Los Angeles Kings,,Vancouver Canucks,,,,,
2018-11-27,Pittsburgh Penguins,,Winnipeg Jets,,,,,
2018-11-28,Dallas Stars,,Calgary Flames,,,,,
2018-11-28,Pittsburgh Penguins,,Colorado Avalanche,,,,,
2018-11-28,St. Louis Blues,,Detroit Red Wings,,,,,
2018-11-28,Anaheim Ducks,,Florida Panthers,,,,,
2018-11-28,San Jose Sharks,,Toronto Maple Leafs,,,,,
2018-11-29,New York Islanders,,Boston Bruins,,,,,
2018-11-29,Minnesota Wild,,Columbus Blue Jackets,,,,,
2018-11-29,Los Angeles Kings,,Edmonton Oilers,,,,,
2018-11-29,Arizona Coyotes,,Nashville Predators,,,,,
2018-11-29,New York Rangers,,Ottawa Senators,,,,,
2018-11-29,Buffalo Sabres,,Tampa Bay Lightning,,,,,
2018-11-29,Vegas Golden Knights,,Vancouver Canucks,,,,,
2018-11-29,Chicago Blackhawks,,Winnipeg Jets,,,,,
2018-11-30,Anaheim Ducks,,Carolina Hurricanes,,,,,
2018-11-30,Los Angeles Kings,,Calgary Flames,,,,,
2018-11-30,St. Louis Blues,,Colorado Avalanche,,,,,
2018-11-30,Buffalo Sabres,,Florida Panthers,,,,,
2018-11-30,New Jersey Devils,,Washington Capitals,,,,,
2018-12-01,St. Louis Blues,,Arizona Coyotes,,,,,
2018-12-01,Detroit Red Wings,,Boston Bruins,,,,,
2018-12-01,Vegas Golden Knights,,Edmonton Oilers,,,,,
2018-12-01,Tampa Bay Lightning,,Florida Panthers,,,,,
2018-12-01,Toronto Maple Leafs,,Minnesota Wild,,,,,
2018-12-01,New York Rangers,,Montreal Canadiens,,,,,
2018-12-01,Winnipeg Jets,,New Jersey Devils,,,,,
2018-12-01,Chicago Blackhawks,,Nashville Predators,,,,,
2018-12-01,Columbus Blue Jackets,,New York Islanders,,,,,
2018-12-01,San Jose Sharks,,Ottawa Senators,,,,,
2018-12-01,Philadelphia Flyers,,Pittsburgh Penguins,,,,,
2018-12-01,Dallas Stars,,Vancouver Canucks,,,,,
2018-12-02,Calgary Flames,,Chicago Blackhawks,,,,,
2018-12-02,Colorado Avalanche,,Detroit Red Wings,,,,,
2018-12-02,Carolina Hurricanes,,Los Angeles Kings,,,,,
2018-12-02,San Jose Sharks,,Montreal Canadiens,,,,,
2018-12-02,Winnipeg Jets,,New York Rangers,,,,,
2018-12-02,Anaheim Ducks,,Washington Capitals,,,,,
2018-12-03,Edmonton Oilers,,Dallas Stars,,,,,
2018-12-03,Tampa Bay Lightning,,New Jersey Devils,,,,,
2018-12-03,Buffalo Sabres,,Nashville Predators,,,,,
2018-12-04,Toronto Maple Leafs,,Buffalo Sabres,,,,,
2018-12-04,Calgary Flames,,Columbus Blue Jackets,,,,,
2018-12-04,Tampa Bay Lightning,,Detroit Red Wings,,,,,
2018-12-04,Boston Bruins,,Florida Panthers,,,,,
2018-12-04,Arizona Coyotes,,Los Angeles Kings,,,,,
2018-12-04,Ottawa Senators,,Montreal Canadiens,,,,,
2018-12-04,Winnipeg Jets,,New York Islanders,,,,,
2018-12-04,Colorado Avalanche,,Pittsburgh Penguins,,,,,
2018-12-04,Minnesota Wild,,Vancouver Canucks,,,,,
2018-12-04,Washington Capitals,,Vegas Golden Knights,,,,,
2018-12-05,Chicago Blackhawks,,Anaheim Ducks,,,,,
2018-12-05,Carolina Hurricanes,,San Jose Sharks,,,,,
2018-12-05,Edmonton Oilers,,St. Louis Blues,,,,,
2018-12-06,Washington Capitals,,Arizona Coyotes,,,,,
2018-12-06,Minnesota Wild,,Calgary Flames,,,,,
2018-12-06,Colorado Avalanche,,Florida Panthers,,,,,
2018-12-06,New Jersey Devils,,Los Angeles Kings,,,,,
2018-12-06,Montreal Canadiens,,Ottawa Senators,,,,,
2018-12-06,Columbus Blue Jackets,,Philadelphia Flyers,,,,,
2018-12-06,New York Islanders,,Pittsburgh Penguins,,,,,
2018-12-06,Boston Bruins,,Tampa Bay Lightning,,,,,
2018-12-06,Detroit Red Wings,,Toronto Maple Leafs,,,,,
2018-12-06,Nashville Predators,,Vancouver Canucks,,,,,
2018-12-06,Chicago Blackhawks,,Vegas Golden Knights,,,,,
2018-12-07,Carolina Hurricanes,,Anaheim Ducks,,,,,
2018-12-07,San Jose Sharks,,Dallas Stars,,,,,
2018-12-07,Minnesota Wild,,Edmonton Oilers,,,,,
2018-12-07,St. Louis Blues,,Winnipeg Jets,,,,,
2018-12-08,San Jose Sharks,,Arizona Coyotes,,,,,
2018-12-08,Toronto Maple Leafs,,Boston Bruins,,,,,
2018-12-08,Philadelphia Flyers,,Buffalo Sabres,,,,,
2018-12-08,Washington Capitals,,Columbus Blue Jackets,,,,,
2018-12-08,Nashville Predators,,Calgary Flames,,,,,
2018-12-08,New York Islanders,,Detroit Red Wings,,,,,
2018-12-08,New York Rangers,,Florida Panthers,,,,,
2018-12-08,Vegas Golden Knights,,Los Angeles Kings,,,,,
2018-12-08,Pittsburgh Penguins,,Ottawa Senators,,,,,
2018-12-08,Colorado Avalanche,,Tampa Bay Lightning,,,,,
2018-12-09,New Jersey Devils,,Anaheim Ducks,,,,,
2018-12-09,Montreal Canadiens,,Chicago Blackhawks,,,,,
2018-12-09,Calgary Flames,,Edmonton Oilers,,,,,
2018-12-09,Boston Bruins,,Ottawa Senators,,,,,
2018-12-09,Vancouver Canucks,,St. Louis Blues,,,,,
2018-12-09,Dallas Stars,,Vegas Golden Knights,,,,,
2018-12-09,Philadelphia Flyers,,Winnipeg Jets,,,,,
2018-12-10,Los Angeles Kings,,Detroit Red Wings,,,,,
2018-12-10,Pittsburgh Penguins,,New York Islanders,,,,,
2018-12-10,New Jersey Devils,,San Jose Sharks,,,,,
2018-12-10,New York Rangers,,Tampa Bay Lightning,,,,,
2018-12-11,Arizona Coyotes,,Boston Bruins,,,,,
2018-12-11,Los Angeles Kings,,Buffalo Sabres,,,,,
2018-12-11,Toronto Maple Leafs,,Carolina Hurricanes,,,,,
2018-12-11,Vancouver Canucks,,Columbus Blue Jackets,,,,,
2018-12-11,Edmonton Oilers,,Colorado Avalanche,,,,,
2018-12-11,Montreal Canadiens,,Minnesota Wild,,,,,
2018-12-11,Ottawa Senators,,Nashville Predators,,,,,
2018-12-11,Florida Panthers,,St. Louis Blues,,,,,
2018-12-11,Chicago Blackhawks,,Winnipeg Jets,,,,,
2018-12-11,Detroit Red Wings,,Washington Capitals,,,,,
2018-12-12,Dallas Stars,,Anaheim Ducks,,,,,
2018-12-12,Philadelphia Flyers,,Calgary Flames,,,,,
2018-12-12,Pittsburgh Penguins,,Chicago Blackhawks,,,,,
2018-12-12,Vegas Golden Knights,,New York Islanders,,,,,
2018-12-13,Arizona Coyotes,,Buffalo Sabres,,,,,
2018-12-13,Los Angeles Kings,,Columbus Blue Jackets,,,,,
2018-12-13,Florida Panthers,,Minnesota Wild,,,,,
2018-12-13,Carolina Hurricanes,,Montreal Canadiens,,,,,
2018-12-13,Vancouver Canucks,,Nashville Predators,,,,,
2018-12-13,Dallas Stars,,San Jose Sharks,,,,,
2018-12-13,Toronto Maple Leafs,,Tampa Bay Lightning,,,,,
2018-12-13,Edmonton Oilers,,Winnipeg Jets,,,,,
2018-12-14,Washington Capitals,,Carolina Hurricanes,,,,,
2018-12-14,Winnipeg Jets,,Chicago Blackhawks,,,,,
2018-12-14,Ottawa Senators,,Detroit Red Wings,,,,,
2018-12-14,Philadelphia Flyers,,Edmonton Oilers,,,,,
2018-12-14,Vegas Golden Knights,,New Jersey Devils,,,,,
2018-12-14,Arizona Coyotes,,New York Rangers,,,,,
2018-12-14,Boston Bruins,,Pittsburgh Penguins,,,,,
2018-12-14,Colorado Avalanche,,St. Louis Blues,,,,,
2018-12-15,Anaheim Ducks,,Columbus Blue Jackets,,,,,
2018-12-15,Dallas Stars,,Colorado Avalanche,,,,,
2018-12-15,Toronto Maple Leafs,,Florida Panthers,,,,,
2018-12-15,Calgary Flames,,Minnesota Wild,,,,,
2018-12-15,Ottawa Senators,,Montreal Canadiens,,,,,
2018-12-15,New Jersey Devils,,Nashville Predators,,,,,
2018-12-15,Detroit Red Wings,,New York Islanders,,,,,
2018-12-15,Los Angeles Kings,,Pittsburgh Penguins,,,,,
2018-12-15,Philadelphia Flyers,,Vancouver Canucks,,,,,
2018-12-15,Buffalo Sabres,,Washington Capitals,,,,,
2018-12-16,Buffalo Sabres,,Boston Bruins,,,,,
2018-12-16,Arizona Coyotes,,Carolina Hurricanes,,,,,
2018-12-16,San Jose Sharks,,Chicago Blackhawks,,,,,
2018-12-16,Vegas Golden Knights,,New York Rangers,,,,,
2018-12-16,Calgary Flames,,St. Louis Blues,,,,,
2018-12-16,Edmonton Oilers,,Vancouver Canucks,,,,,
2018-12-16,Tampa Bay Lightning,,Winnipeg Jets,,,,,
2018-12-17,Vegas Golden Knights,,Columbus Blue Jackets,,,,,
2018-12-17,New York Islanders,,Colorado Avalanche,,,,,
2018-12-17,Boston Bruins,,Montreal Canadiens,,,,,
2018-12-17,Nashville Predators,,Ottawa Senators,,,,,
2018-12-17,Anaheim Ducks,,Pittsburgh Penguins,,,,,
2018-12-18,New York Islanders,,Arizona Coyotes,,,,,
2018-12-18,Florida Panthers,,Buffalo Sabres,,,,,
2018-12-18,Nashville Predators,,Chicago Blackhawks,,,,,
2018-12-18,Calgary Flames,,Dallas Stars,,,,,
2018-12-18,St. Louis Blues,,Edmonton Oilers,,,,,
2018-12-18,Winnipeg Jets,,Los Angeles Kings,,,,,
2018-12-18,San Jose Sharks,,Minnesota Wild,,,,,
2018-12-18,Toronto Maple Leafs,,New Jersey Devils,,,,,
2018-12-18,Anaheim Ducks,,New York Rangers,,,,,
2018-12-18,Detroit Red Wings,,Philadelphia Flyers,,,,,
2018-12-18,Tampa Bay Lightning,,Vancouver Canucks,,,,,
2018-12-19,Montreal Canadiens,,Colorado Avalanche,,,,,
2018-12-19,Pittsburgh Penguins,,Washington Capitals,,,,,
2018-12-20,Montreal Canadiens,,Arizona Coyotes,,,,,
2018-12-20,Anaheim Ducks,,Boston Bruins,,,,,
2018-12-20,Detroit Red Wings,,Carolina Hurricanes,,,,,
2018-12-20,New Jersey Devils,,Columbus Blue Jackets,,,,,
2018-12-20,Tampa Bay Lightning,,Calgary Flames,,,,,
2018-12-20,Chicago Blackhawks,,Dallas Stars,,,,,
2018-12-20,Nashville Predators,,Philadelphia Flyers,,,,,
2018-12-20,Minnesota Wild,,Pittsburgh Penguins,,,,,
2018-12-20,Winnipeg Jets,,San Jose Sharks,,,,,
2018-12-20,Florida Panthers,,Toronto Maple Leafs,,,,,
2018-12-20,St. Louis Blues,,Vancouver Canucks,,,,,
2018-12-20,New York Islanders,,Vegas Golden Knights,,,,,
2018-12-21,Chicago Blackhawks,,Colorado Avalanche,,,,,
2018-12-21,Ottawa Senators,,New Jersey Devils,,,,,
2018-12-21,Buffalo Sabres,,Washington Capitals,,,,,
2018-12-22,Colorado Avalanche,,Arizona Coyotes,,,,,
2018-12-22,Nashville Predators,,Boston Bruins,,,,,
2018-12-22,Anaheim Ducks,,Buffalo Sabres,,,,,
2018-12-22,Pittsburgh Penguins,,Carolina Hurricanes,,,,,
2018-12-22,St. Louis Blues,,Calgary Flames,,,,,
2018-12-22,Florida Panthers,,Detroit Red Wings,,,,,
2018-12-22,Tampa Bay Lightning,,Edmonton Oilers,,,,,
2018-12-22,Dallas Stars,,Minnesota Wild,,,,,
2018-12-22,Washington Capitals,,Ottawa Senators,,,,,
2018-12-22,Columbus Blue Jackets,,Philadelphia Flyers,,,,,
2018-12-22,Los Angeles Kings,,San Jose Sharks,,,,,
2018-12-22,New York Rangers,,Toronto Maple Leafs,,,,,
2018-12-22,Winnipeg Jets,,Vancouver Canucks,,,,,
2018-12-22,Montreal Canadiens,,Vegas Golden Knights,,,,,
2018-12-23,Boston Bruins,,Carolina Hurricanes,,,,,
2018-12-23,Florida Panthers,,Chicago Blackhawks,,,,,
2018-12-23,New York Islanders,,Dallas Stars,,,,,
2018-12-23,Columbus Blue Jackets,,New Jersey Devils,,,,,
2018-12-23,Philadelphia Flyers,,New York Rangers,,,,,
2018-12-23,Arizona Coyotes,,San Jose Sharks,,,,,
2018-12-23,Detroit Red Wings,,Toronto Maple Leafs,,,,,
2018-12-23,Los Angeles Kings,,Vegas Golden Knights,,,,,
2018-12-27,New Jersey Devils,,Boston Bruins,,,,,
2018-12-27,Minnesota Wild,,Chicago Blackhawks,,,,,
2018-12-27,Vancouver Canucks,,Edmonton Oilers,,,,,
2018-12-27,Arizona Coyotes,,Los Angeles Kings,,,,,
2018-12-27,Dallas Stars,,Nashville Predators,,,,,
2018-12-27,Columbus Blue Jackets,,New York Rangers,,,,,
2018-12-27,Detroit Red Wings,,Pittsburgh Penguins,,,,,
2018-12-27,Anaheim Ducks,,San Jose Sharks,,,,,
2018-12-27,Buffalo Sabres,,St. Louis Blues,,,,,
2018-12-27,Philadelphia Flyers,,Tampa Bay Lightning,,,,,
2018-12-27,Colorado Avalanche,,Vegas Golden Knights,,,,,
2018-12-27,Calgary Flames,,Winnipeg Jets,,,,,
2018-12-27,Carolina Hurricanes,,Washington Capitals,,,,,
2018-12-28,Toronto Maple Leafs,,Columbus Blue Jackets,,,,,
2018-12-28,Montreal Canadiens,,Florida Panthers,,,,,
2018-12-28,Ottawa Senators,,New York Islanders,,,,,
2018-12-29,Arizona Coyotes,,Anaheim Ducks,,,,,
2018-12-29,Boston Bruins,,Buffalo Sabres,,,,,
2018-12-29,Vancouver Canucks,,Calgary Flames,,,,,
2018-12-29,Chicago Blackhawks,,Colorado Avalanche,,,,,
2018-12-29,Detroit Red Wings,,Dallas Stars,,,,,
2018-12-29,San Jose Sharks,,Edmonton Oilers,,,,,
2018-12-29,Philadelphia Flyers,,Florida Panthers,,,,,
2018-12-29,Vegas Golden Knights,,Los Angeles Kings,,,,,
2018-12-29,Carolina Hurricanes,,New Jersey Devils,,,,,
2018-12-29,New York Rangers,,Nashville Predators,,,,,
2018-12-29,Washington Capitals,,Ottawa Senators,,,,,
2018-12-29,Pittsburgh Penguins,,St. Louis Blues,,,,,
2018-12-29,Montreal Canadiens,,Tampa Bay Lightning,,,,,
2018-12-29,New York Islanders,,Toronto Maple Leafs,,,,,
2018-12-29,Minnesota Wild,,Winnipeg Jets,,,,,
2018-12-30,Vegas Golden Knights,,Arizona Coyotes,,,,,
2018-12-31,Tampa Bay Lightning,,Anaheim Ducks,,,,,
2018-12-31,New York Islanders,,Buffalo Sabres,,,,,
2018-12-31,Philadelphia Flyers,,Carolina Hurricanes,,,,,
2018-12-31,Ottawa Senators,,Columbus Blue Jackets,,,,,
2018-12-31,San Jose Sharks,,Calgary Flames,,,,,
2018-12-31,Los Angeles Kings,,Colorado Avalanche,,,,,
2018-12-31,Montreal Canadiens,,Dallas Stars,,,,,
2018-12-31,Florida Panthers,,Detroit Red Wings,,,,,
2018-12-31,Winnipeg Jets,,Edmonton Oilers,,,,,
2018-12-31,Pittsburgh Penguins,,Minnesota Wild,,,,,
2018-12-31,Vancouver Canucks,,New Jersey Devils,,,,,
2018-12-31,New York Rangers,,St. Louis Blues,,,,,
2018-12-31,Nashville Predators,,Washington Capitals,,,,,
2019-01-01,Boston Bruins,,Chicago Blackhawks,,,,,
2019-01-01,Philadelphia Flyers,,Nashville Predators,,,,,
2019-01-01,Los Angeles Kings,,Vegas Golden Knights,,,,,
2019-01-02,Edmonton Oilers,,Arizona Coyotes,,,,,
2019-01-02,San Jose Sharks,,Colorado Avalanche,,,,,
2019-01-02,New Jersey Devils,,Dallas Stars,,,,,
2019-01-02,Calgary Flames,,Detroit Red Wings,,,,,
2019-01-02,Pittsburgh Penguins,,New York Rangers,,,,,
2019-01-02,Vancouver Canucks,,Ottawa Senators,,,,,
2019-01-03,Calgary Flames,,Boston Bruins,,,,,
2019-01-03,Florida Panthers,,Buffalo Sabres,,,,,
2019-01-03,Tampa Bay Lightning,,Los Angeles Kings,,,,,
2019-01-03,Vancouver Canucks,,Montreal Canadiens,,,,,
2019-01-03,Chicago Blackhawks,,New York Islanders,,,,,
2019-01-03,Carolina Hurricanes,,Philadelphia Flyers,,,,,
2019-01-03,Washington Capitals,,St. Louis Blues,,,,,
2019-01-03,Minnesota Wild,,Toronto Maple Leafs,,,,,
2019-01-04,Vegas Golden Knights,,Anaheim Ducks,,,,,
2019-01-04,New Jersey Devils,,Arizona Coyotes,,,,,
2019-01-04,Columbus Blue Jackets,,Carolina Hurricanes,,,,,
2019-01-04,New York Rangers,,Colorado Avalanche,,,,,
2019-01-04,Washington Capitals,,Dallas Stars,,,,,
2019-01-04,Nashville Predators,,Detroit Red Wings,,,,,
2019-01-04,Winnipeg Jets,,Pittsburgh Penguins,,,,,
2019-01-05,Buffalo Sabres,,Boston Bruins,,,,,
2019-01-05,Columbus Blue Jackets,,Florida Panthers,,,,,
2019-01-05,Edmonton Oilers,,Los Angeles Kings,,,,,
2019-01-05,Nashville Predators,,Montreal Canadiens,,,,,
2019-01-05,Minnesota Wild,,Ottawa Senators,,,,,
2019-01-05,Calgary Flames,,Philadelphia Flyers,,,,,
2019-01-05,Tampa Bay Lightning,,San Jose Sharks,,,,,
2019-01-05,New York Islanders,,St. Louis Blues,,,,,
2019-01-05,Vancouver Canucks,,Toronto Maple Leafs,,,,,
2019-01-06,Edmonton Oilers,,Anaheim Ducks,,,,,
2019-01-06,New York Rangers,,Arizona Coyotes,,,,,
2019-01-06,Washington Capitals,,Detroit Red Wings,,,,,
2019-01-06,Carolina Hurricanes,,Ottawa Senators,,,,,
2019-01-06,Chicago Blackhawks,,Pittsburgh Penguins,,,,,
2019-01-06,New Jersey Devils,,Vegas Golden Knights,,,,,
2019-01-06,Dallas Stars,,Winnipeg Jets,,,,,
2019-01-07,Calgary Flames,,Chicago Blackhawks,,,,,
2019-01-07,Minnesota Wild,,Montreal Canadiens,,,,,
2019-01-07,St. Louis Blues,,Philadelphia Flyers,,,,,
2019-01-07,Los Angeles Kings,,San Jose Sharks,,,,,
2019-01-07,Nashville Predators,,Toronto Maple Leafs,,,,,
2019-01-08,Minnesota Wild,,Boston Bruins,,,,,
2019-01-08,New Jersey Devils,,Buffalo Sabres,,,,,
2019-01-08,Montreal Canadiens,,Detroit Red Wings,,,,,
2019-01-08,Carolina Hurricanes,,New York Islanders,,,,,
2019-01-08,Florida Panthers,,Pittsburgh Penguins,,,,,
2019-01-08,Edmonton Oilers,,San Jose Sharks,,,,,
2019-01-08,Dallas Stars,,St. Louis Blues,,,,,
2019-01-08,Columbus Blue Jackets,,Tampa Bay Lightning,,,,,
2019-01-08,New York Rangers,,Vegas Golden Knights,,,,,
2019-01-08,Colorado Avalanche,,Winnipeg Jets,,,,,
2019-01-08,Philadelphia Flyers,,Washington Capitals,,,,,
2019-01-09,Ottawa Senators,,Anaheim Ducks,,,,,
2019-01-09,Colorado Avalanche,,Calgary Flames,,,,,
2019-01-09,Nashville Predators,,Chicago Blackhawks,,,,,
2019-01-10,Washington Capitals,,Boston Bruins,,,,,
2019-01-10,Nashville Predators,,Columbus Blue Jackets,,,,,
2019-01-10,Florida Panthers,,Edmonton Oilers,,,,,
2019-01-10,Ottawa Senators,,Los Angeles Kings,,,,,
2019-01-10,Winnipeg Jets,,Minnesota Wild,,,,,
2019-01-10,Toronto Maple Leafs,,New Jersey Devils,,,,,
2019-01-10,New York Islanders,,New York Rangers,,,,,
2019-01-10,Dallas Stars,,Philadelphia Flyers,,,,,
2019-01-10,Montreal Canadiens,,St. Louis Blues,,,,,
2019-01-10,Carolina Hurricanes,,Tampa Bay Lightning,,,,,
2019-01-10,Arizona Coyotes,,Vancouver Canucks,,,,,
2019-01-10,San Jose Sharks,,Vegas Golden Knights,,,,,
2019-01-11,Pittsburgh Penguins,,Anaheim Ducks,,,,,
2019-01-11,Buffalo Sabres,,Carolina Hurricanes,,,,,
2019-01-11,Florida Panthers,,Calgary Flames,,,,,
2019-01-11,Detroit Red Wings,,Winnipeg Jets,,,,,
2019-01-12,Tampa Bay Lightning,,Buffalo Sabres,,,,,
2019-01-12,Vegas Golden Knights,,Chicago Blackhawks,,,,,
2019-01-12,St. Louis Blues,,Dallas Stars,,,,,
2019-01-12,Arizona Coyotes,,Edmonton Oilers,,,,,
2019-01-12,Pittsburgh Penguins,,Los Angeles Kings,,,,,
2019-01-12,Detroit Red Wings,,Minnesota Wild,,,,,
2019-01-12,Colorado Avalanche,,Montreal Canadiens,,,,,
2019-01-12,Philadelphia Flyers,,New Jersey Devils,,,,,
2019-01-12,New York Rangers,,New York Islanders,,,,,
2019-01-12,Ottawa Senators,,San Jose Sharks,,,,,
2019-01-12,Boston Bruins,,Toronto Maple Leafs,,,,,
2019-01-12,Columbus Blue Jackets,,Washington Capitals,,,,,
2019-01-13,Nashville Predators,,Carolina Hurricanes,,,,,
2019-01-13,New York Rangers,,Columbus Blue Jackets,,,,,
2019-01-13,Arizona Coyotes,,Calgary Flames,,,,,
2019-01-13,Tampa Bay Lightning,,New York Islanders,,,,,
2019-01-13,Florida Panthers,,Vancouver Canucks,,,,,
2019-01-13,Anaheim Ducks,,Winnipeg Jets,,,,,
2019-01-14,Montreal Canadiens,,Boston Bruins,,,,,
2019-01-14,Buffalo Sabres,,Edmonton Oilers,,,,,
2019-01-14,Chicago Blackhawks,,New Jersey Devils,,,,,
2019-01-14,Minnesota Wild,,Philadelphia Flyers,,,,,
2019-01-14,Colorado Avalanche,,Toronto Maple Leafs,,,,,
2019-01-14,St. Louis Blues,,Washington Capitals,,,,,
2019-01-15,New Jersey Devils,,Columbus Blue Jackets,,,,,
2019-01-15,Tampa Bay Lightning,,Dallas Stars,,,,,
2019-01-15,Anaheim Ducks,,Detroit Red Wings,,,,,
2019-01-15,Los Angeles Kings,,Minnesota Wild,,,,,
2019-01-15,Florida Panthers,,Montreal Canadiens,,,,,
2019-01-15,Washington Capitals,,Nashville Predators,,,,,
2019-01-15,St. Louis Blues,,New York Islanders,,,,,
2019-01-15,Carolina Hurricanes,,New York Rangers,,,,,
2019-01-15,Pittsburgh Penguins,,San Jose Sharks,,,,,
2019-01-15,Vegas Golden Knights,,Winnipeg Jets,,,,,
2019-01-16,San Jose Sharks,,Arizona Coyotes,,,,,
2019-01-16,Buffalo Sabres,,Calgary Flames,,,,,
2019-01-16,Colorado Avalanche,,Ottawa Senators,,,,,
2019-01-16,Boston Bruins,,Philadelphia Flyers,,,,,
2019-01-16,Edmonton Oilers,,Vancouver Canucks,,,,,
2019-01-17,St. Louis Blues,,Boston Bruins,,,,,
2019-01-17,Los Angeles Kings,,Dallas Stars,,,,,
2019-01-17,Anaheim Ducks,,Minnesota Wild,,,,,
2019-01-17,Winnipeg Jets,,Nashville Predators,,,,,
2019-01-17,New Jersey Devils,,New York Islanders,,,,,
2019-01-17,Chicago Blackhawks,,New York Rangers,,,,,
2019-01-17,Toronto Maple Leafs,,Tampa Bay Lightning,,,,,
2019-01-18,Pittsburgh Penguins,,Arizona Coyotes,,,,,
2019-01-18,Ottawa Senators,,Carolina Hurricanes,,,,,
2019-01-18,Montreal Canadiens,,Columbus Blue Jackets,,,,,
2019-01-18,Detroit Red Wings,,Calgary Flames,,,,,
2019-01-18,Toronto Maple Leafs,,Florida Panthers,,,,,
2019-01-18,Buffalo Sabres,,Vancouver Canucks,,,,,
2019-01-18,New York Islanders,,Washington Capitals,,,,,
2019-01-19,New York Rangers,,Boston Bruins,,,,,
2019-01-19,Los Angeles Kings,,Colorado Avalanche,,,,,
2019-01-19,Winnipeg Jets,,Dallas Stars,,,,,
2019-01-19,Calgary Flames,,Edmonton Oilers,,,,,
2019-01-19,Columbus Blue Jackets,,Minnesota Wild,,,,,
2019-01-19,Philadelphia Flyers,,Montreal Canadiens,,,,,
2019-01-19,Anaheim Ducks,,New Jersey Devils,,,,,
2019-01-19,Florida Panthers,,Nashville Predators,,,,,
2019-01-19,Ottawa Senators,,St. Louis Blues,,,,,
2019-01-19,San Jose Sharks,,Tampa Bay Lightning,,,,,
2019-01-19,Pittsburgh Penguins,,Vegas Golden Knights,,,,,
2019-01-20,Washington Capitals,,Chicago Blackhawks,,,,,
2019-01-20,Carolina Hurricanes,,Edmonton Oilers,,,,,
2019-01-20,Anaheim Ducks,,New York Islanders,,,,,
2019-01-20,Arizona Coyotes,,Toronto Maple Leafs,,,,,
2019-01-20,Detroit Red Wings,,Vancouver Canucks,,,,,
2019-01-21,Nashville Predators,,Colorado Avalanche,,,,,
2019-01-21,San Jose Sharks,,Florida Panthers,,,,,
2019-01-21,St. Louis Blues,,Los Angeles Kings,,,,,
2019-01-21,Minnesota Wild,,Vegas Golden Knights,,,,,
2019-01-22,Carolina Hurricanes,,Calgary Flames,,,,,
2019-01-22,New York Islanders,,Chicago Blackhawks,,,,,
2019-01-22,Detroit Red Wings,,Edmonton Oilers,,,,,
2019-01-22,Arizona Coyotes,,Ottawa Senators,,,,,
2019-01-22,San Jose Sharks,,Washington Capitals,,,,,
2019-01-23,St. Louis Blues,,Anaheim Ducks,,,,,
2019-01-23,Minnesota Wild,,Colorado Avalanche,,,,,
2019-01-23,Arizona Coyotes,,Montreal Canadiens,,,,,
2019-01-23,Washington Capitals,,Toronto Maple Leafs,,,,,
2019-01-23,Carolina Hurricanes,,Vancouver Canucks,,,,,
2019-01-23,Nashville Predators,,Vegas Golden Knights,,,,,
2019-01-28,Winnipeg Jets,,Philadelphia Flyers,,,,,
2019-01-28,New Jersey Devils,,Pittsburgh Penguins,,,,,
2019-01-29,Winnipeg Jets,,Boston Bruins,,,,,
2019-01-29,Buffalo Sabres,,Columbus Blue Jackets,,,,,
2019-01-29,Philadelphia Flyers,,New York Rangers,,,,,
2019-01-30,Buffalo Sabres,,Dallas Stars,,,,,
2019-01-30,Tampa Bay Lightning,,Pittsburgh Penguins,,,,,
2019-01-31,Philadelphia Flyers,,Boston Bruins,,,,,
2019-01-31,New York Rangers,,New Jersey Devils,,,,,
2019-01-31,Columbus Blue Jackets,,Winnipeg Jets,,,,,
2019-02-01,Chicago Blackhawks,,Buffalo Sabres,,,,,
2019-02-01,Vegas Golden Knights,,Carolina Hurricanes,,,,,
2019-02-01,Minnesota Wild,,Dallas Stars,,,,,
2019-02-01,Toronto Maple Leafs,,Detroit Red Wings,,,,,
2019-02-01,Nashville Predators,,Florida Panthers,,,,,
2019-02-01,Tampa Bay Lightning,,New York Islanders,,,,,
2019-02-01,Ottawa Senators,,Pittsburgh Penguins,,,,,
2019-02-01,Calgary Flames,,Washington Capitals,,,,,
2019-02-02,St. Louis Blues,,Columbus Blue Jackets,,,,,
2019-02-02,Vancouver Canucks,,Colorado Avalanche,,,,,
2019-02-02,Vegas Golden Knights,,Florida Panthers,,,,,
2019-02-02,Chicago Blackhawks,,Minnesota Wild,,,,,
2019-02-02,New Jersey Devils,,Montreal Canadiens,,,,,
2019-02-02,Dallas Stars,,Nashville Predators,,,,,
2019-02-02,Los Angeles Kings,,New York Islanders,,,,,
2019-02-02,Tampa Bay Lightning,,New York Rangers,,,,,
2019-02-02,Detroit Red Wings,,Ottawa Senators,,,,,
2019-02-02,Edmonton Oilers,,Philadelphia Flyers,,,,,
2019-02-02,Arizona Coyotes,,San Jose Sharks,,,,,
2019-02-02,Pittsburgh Penguins,,Toronto Maple Leafs,,,,,
2019-02-02,Anaheim Ducks,,Winnipeg Jets,,,,,
2019-02-03,Calgary Flames,,Carolina Hurricanes,,,,,
2019-02-03,Edmonton Oilers,,Montreal Canadiens,,,,,
2019-02-03,Boston Bruins,,Washington Capitals,,,,,
2019-02-04,Arizona Coyotes,,Dallas Stars,,,,,
2019-02-04,Los Angeles Kings,,New York Rangers,,,,,
2019-02-04,Vancouver Canucks,,Philadelphia Flyers,,,,,
2019-02-04,Anaheim Ducks,,Toronto Maple Leafs,,,,,
2019-02-05,New York Islanders,,Boston Bruins,,,,,
2019-02-05,Minnesota Wild,,Buffalo Sabres,,,,,
2019-02-05,Columbus Blue Jackets,,Colorado Avalanche,,,,,
2019-02-05,Chicago Blackhawks,,Edmonton Oilers,,,,,
2019-02-05,St. Louis Blues,,Florida Panthers,,,,,
2019-02-05,Anaheim Ducks,,Montreal Canadiens,,,,,
2019-02-05,Los Angeles Kings,,New Jersey Devils,,,,,
2019-02-05,Arizona Coyotes,,Nashville Predators,,,,,
2019-02-05,Carolina Hurricanes,,Pittsburgh Penguins,,,,,
2019-02-05,Vegas Golden Knights,,Tampa Bay Lightning,,,,,
2019-02-05,San Jose Sharks,,Winnipeg Jets,,,,,
2019-02-05,Vancouver Canucks,,Washington Capitals,,,,,
2019-02-06,Boston Bruins,,New York Rangers,,,,,
2019-02-06,Ottawa Senators,,Toronto Maple Leafs,,,,,
2019-02-07,Columbus Blue Jackets,,Arizona Coyotes,,,,,
2019-02-07,Carolina Hurricanes,,Buffalo Sabres,,,,,
2019-02-07,San Jose Sharks,,Calgary Flames,,,,,
2019-02-07,Vancouver Canucks,,Chicago Blackhawks,,,,,
2019-02-07,Vegas Golden Knights,,Detroit Red Wings,,,,,
2019-02-07,Pittsburgh Penguins,,Florida Panthers,,,,,
2019-02-07,Edmonton Oilers,,Minnesota Wild,,,,,
2019-02-07,Winnipeg Jets,,Montreal Canadiens,,,,,
2019-02-07,New York Islanders,,New Jersey Devils,,,,,
2019-02-07,Dallas Stars,,Nashville Predators,,,,,
2019-02-07,Anaheim Ducks,,Ottawa Senators,,,,,
2019-02-07,Los Angeles Kings,,Philadelphia Flyers,,,,,
2019-02-07,St. Louis Blues,,Tampa Bay Lightning,,,,,
2019-02-07,Colorado Avalanche,,Washington Capitals,,,,,
2019-02-08,Carolina Hurricanes,,New York Rangers,,,,,
2019-02-09,Dallas Stars,,Arizona Coyotes,,,,,
2019-02-09,Los Angeles Kings,,Boston Bruins,,,,,
2019-02-09,Detroit Red Wings,,Buffalo Sabres,,,,,
2019-02-09,San Jose Sharks,,Edmonton Oilers,,,,,
2019-02-09,Toronto Maple Leafs,,Montreal Canadiens,,,,,
2019-02-09,Minnesota Wild,,New Jersey Devils,,,,,
2019-02-09,Colorado Avalanche,,New York Islanders,,,,,
2019-02-09,Winnipeg Jets,,Ottawa Senators,,,,,
2019-02-09,Anaheim Ducks,,Philadelphia Flyers,,,,,
2019-02-09,Nashville Predators,,St. Louis Blues,,,,,
2019-02-09,Pittsburgh Penguins,,Tampa Bay Lightning,,,,,
2019-02-09,Calgary Flames,,Vancouver Canucks,,,,,
2019-02-09,Columbus Blue Jackets,,Vegas Golden Knights,,,,,
2019-02-09,Florida Panthers,,Washington Capitals,,,,,
2019-02-10,Colorado Avalanche,,Boston Bruins,,,,,
2019-02-10,Winnipeg Jets,,Buffalo Sabres,,,,,
2019-02-10,Detroit Red Wings,,Chicago Blackhawks,,,,,
2019-02-10,Tampa Bay Lightning,,Florida Panthers,,,,,
2019-02-10,Carolina Hurricanes,,New Jersey Devils,,,,,
2019-02-10,St. Louis Blues,,Nashville Predators,,,,,
2019-02-10,Minnesota Wild,,New York Islanders,,,,,
2019-02-10,Toronto Maple Leafs,,New York Rangers,,,,,
2019-02-11,Pittsburgh Penguins,,Philadelphia Flyers,,,,,
2019-02-11,San Jose Sharks,,Vancouver Canucks,,,,,
2019-02-11,Los Angeles Kings,,Washington Capitals,,,,,
2019-02-12,Chicago Blackhawks,,Boston Bruins,,,,,
2019-02-12,New York Islanders,,Buffalo Sabres,,,,,
2019-02-12,Washington Capitals,,Columbus Blue Jackets,,,,,
2019-02-12,Toronto Maple Leafs,,Colorado Avalanche,,,,,
2019-02-12,Dallas Stars,,Florida Panthers,,,,,
2019-02-12,Philadelphia Flyers,,Minnesota Wild,,,,,
2019-02-12,Detroit Red Wings,,Nashville Predators,,,,,
2019-02-12,Carolina Hurricanes,,Ottawa Senators,,,,,
2019-02-12,New Jersey Devils,,St. Louis Blues,,,,,
2019-02-12,Calgary Flames,,Tampa Bay Lightning,,,,,
2019-02-12,Arizona Coyotes,,Vegas Golden Knights,,,,,
2019-02-12,New York Rangers,,Winnipeg Jets,,,,,
2019-02-13,Vancouver Canucks,,Anaheim Ducks,,,,,
2019-02-13,Edmonton Oilers,,Pittsburgh Penguins,,,,,
2019-02-14,St. Louis Blues,,Arizona Coyotes,,,,,
2019-02-14,New York Islanders,,Columbus Blue Jackets,,,,,
2019-02-14,New Jersey Devils,,Chicago Blackhawks,,,,,
2019-02-14,Ottawa Senators,,Detroit Red Wings,,,,,
2019-02-14,Calgary Flames,,Florida Panthers,,,,,
2019-02-14,Vancouver Canucks,,Los Angeles Kings,,,,,
2019-02-14,Montreal Canadiens,,Nashville Predators,,,,,
2019-02-14,Washington Capitals,,San Jose Sharks,,,,,
2019-02-14,Dallas Stars,,Tampa Bay Lightning,,,,,
2019-02-14,Toronto Maple Leafs,,Vegas Golden Knights,,,,,
2019-02-14,Colorado Avalanche,,Winnipeg Jets,,,,,
2019-02-15,Boston Bruins,,Anaheim Ducks,,,,,
2019-02-15,New York Rangers,,Buffalo Sabres,,,,,
2019-02-15,Edmonton Oilers,,Carolina Hurricanes,,,,,
2019-02-15,New Jersey Devils,,Minnesota Wild,,,,,
2019-02-16,Toronto Maple Leafs,,Arizona Coyotes,,,,,
2019-02-16,Dallas Stars,,Carolina Hurricanes,,,,,
2019-02-16,Columbus Blue Jackets,,Chicago Blackhawks,,,,,
2019-02-16,St. Louis Blues,,Colorado Avalanche,,,,,
2019-02-16,Boston Bruins,,Los Angeles Kings,,,,,
2019-02-16,Edmonton Oilers,,New York Islanders,,,,,
2019-02-16,Detroit Red Wings,,Philadelphia Flyers,,,,,
2019-02-16,Calgary Flames,,Pittsburgh Penguins,,,,,
2019-02-16,Vancouver Canucks,,San Jose Sharks,,,,,
2019-02-16,Montreal Canadiens,,Tampa Bay Lightning,,,,,
2019-02-16,Nashville Predators,,Vegas Golden Knights,,,,,
2019-02-16,Ottawa Senators,,Winnipeg Jets,,,,,
2019-02-17,Washington Capitals,,Anaheim Ducks,,,,,
2019-02-17,Philadelphia Flyers,,Detroit Red Wings,,,,,
2019-02-17,Montreal Canadiens,,Florida Panthers,,,,,
2019-02-17,St. Louis Blues,,Minnesota Wild,,,,,
2019-02-17,Buffalo Sabres,,New Jersey Devils,,,,,
2019-02-17,New York Rangers,,Pittsburgh Penguins,,,,,
2019-02-18,Tampa Bay Lightning,,Columbus Blue Jackets,,,,,
2019-02-18,Arizona Coyotes,,Calgary Flames,,,,,
2019-02-18,Ottawa Senators,,Chicago Blackhawks,,,,,
2019-02-18,Vegas Golden Knights,,Colorado Avalanche,,,,,
2019-02-18,Washington Capitals,,Los Angeles Kings,,,,,
2019-02-18,Boston Bruins,,San Jose Sharks,,,,,
2019-02-19,New York Rangers,,Carolina Hurricanes,,,,,
2019-02-19,Nashville Predators,,Dallas Stars,,,,,
2019-02-19,Arizona Coyotes,,Edmonton Oilers,,,,,
2019-02-19,Buffalo Sabres,,Florida Panthers,,,,,
2019-02-19,Anaheim Ducks,,Minnesota Wild,,,,,
2019-02-19,Columbus Blue Jackets,,Montreal Canadiens,,,,,
2019-02-19,Pittsburgh Penguins,,New Jersey Devils,,,,,
2019-02-19,Tampa Bay Lightning,,Philadelphia Flyers,,,,,
2019-02-19,Toronto Maple Leafs,,St. Louis Blues,,,,,
2019-02-20,New York Islanders,,Calgary Flames,,,,,
2019-02-20,Winnipeg Jets,,Colorado Avalanche,,,,,
2019-02-20,Chicago Blackhawks,,Detroit Red Wings,,,,,
2019-02-20,Boston Bruins,,Vegas Golden Knights,,,,,
2019-02-21,St. Louis Blues,,Dallas Stars,,,,,
2019-02-21,New York Islanders,,Edmonton Oilers,,,,,
2019-02-21,Carolina Hurricanes,,Florida Panthers,,,,,
2019-02-21,Philadelphia Flyers,,Montreal Canadiens,,,,,
2019-02-21,Ottawa Senators,,New Jersey Devils,,,,,
2019-02-21,Los Angeles Kings,,Nashville Predators,,,,,
2019-02-21,Minnesota Wild,,New York Rangers,,,,,
2019-02-21,San Jose Sharks,,Pittsburgh Penguins,,,,,
2019-02-21,Buffalo Sabres,,Tampa Bay Lightning,,,,,
2019-02-21,Washington Capitals,,Toronto Maple Leafs,,,,,
2019-02-21,Arizona Coyotes,,Vancouver Canucks,,,,,
2019-02-22,Anaheim Ducks,,Calgary Flames,,,,,
2019-02-22,Colorado Avalanche,,Chicago Blackhawks,,,,,
2019-02-22,Minnesota Wild,,Detroit Red Wings,,,,,
2019-02-22,Columbus Blue Jackets,,Ottawa Senators,,,,,
2019-02-22,Winnipeg Jets,,Vegas Golden Knights,,,,,
2019-02-23,Washington Capitals,,Buffalo Sabres,,,,,
2019-02-23,San Jose Sharks,,Columbus Blue Jackets,,,,,
2019-02-23,Carolina Hurricanes,,Dallas Stars,,,,,
2019-02-23,Anaheim Ducks,,Edmonton Oilers,,,,,
2019-02-23,Los Angeles Kings,,Florida Panthers,,,,,
2019-02-23,Colorado Avalanche,,Nashville Predators,,,,,
2019-02-23,New Jersey Devils,,New York Rangers,,,,,
2019-02-23,Pittsburgh Penguins,,Philadelphia Flyers,,,,,
2019-02-23,Boston Bruins,,St. Louis Blues,,,,,
2019-02-23,Montreal Canadiens,,Toronto Maple Leafs,,,,,
2019-02-23,New York Islanders,,Vancouver Canucks,,,,,
2019-02-24,Winnipeg Jets,,Arizona Coyotes,,,,,
2019-02-24,Dallas Stars,,Chicago Blackhawks,,,,,
2019-02-24,San Jose Sharks,,Detroit Red Wings,,,,,
2019-02-24,St. Louis Blues,,Minnesota Wild,,,,,
2019-02-24,Calgary Flames,,Ottawa Senators,,,,,
2019-02-24,New York Rangers,,Washington Capitals,,,,,
2019-02-25,Florida Panthers,,Colorado Avalanche,,,,,
2019-02-25,Montreal Canadiens,,New Jersey Devils,,,,,
2019-02-25,Edmonton Oilers,,Nashville Predators,,,,,
2019-02-25,Los Angeles Kings,,Tampa Bay Lightning,,,,,
2019-02-25,Buffalo Sabres,,Toronto Maple Leafs,,,,,
2019-02-25,Anaheim Ducks,,Vancouver Canucks,,,,,
2019-02-26,Florida Panthers,,Arizona Coyotes,,,,,
2019-02-26,San Jose Sharks,,Boston Bruins,,,,,
2019-02-26,Los Angeles Kings,,Carolina Hurricanes,,,,,
2019-02-26,Pittsburgh Penguins,,Columbus Blue Jackets,,,,,
2019-02-26,Montreal Canadiens,,Detroit Red Wings,,,,,
2019-02-26,Calgary Flames,,New York Islanders,,,,,
2019-02-26,Buffalo Sabres,,Philadelphia Flyers,,,,,
2019-02-26,Nashville Predators,,St. Louis Blues,,,,,
2019-02-26,Dallas Stars,,Vegas Golden Knights,,,,,
2019-02-26,Minnesota Wild,,Winnipeg Jets,,,,,
2019-02-26,Ottawa Senators,,Washington Capitals,,,,,
2019-02-27,Chicago Blackhawks,,Anaheim Ducks,,,,,
2019-02-27,Vancouver Canucks,,Colorado Avalanche,,,,,
2019-02-27,Calgary Flames,,New Jersey Devils,,,,,
2019-02-27,Tampa Bay Lightning,,New York Rangers,,,,,
2019-02-27,Edmonton Oilers,,Toronto Maple Leafs,,,,,
2019-02-28,Vancouver Canucks,,Arizona Coyotes,,,,,
2019-02-28,Tampa Bay Lightning,,Boston Bruins,,,,,
2019-02-28,Philadelphia Flyers,,Columbus Blue Jackets,,,,,
2019-02-28,Dallas Stars,,Los Angeles Kings,,,,,
2019-02-28,Toronto Maple Leafs,,New York Islanders,,,,,
2019-02-28,Edmonton Oilers,,Ottawa Senators,,,,,
2019-02-28,Florida Panthers,,Vegas Golden Knights,,,,,
2019-03-01,Vegas Golden Knights,,Anaheim Ducks,,,,,
2019-03-01,Pittsburgh Penguins,,Buffalo Sabres,,,,,
2019-03-01,St. Louis Blues,,Carolina Hurricanes,,,,,
2019-03-01,Philadelphia Flyers,,New Jersey Devils,,,,,
2019-03-01,Washington Capitals,,New York Islanders,,,,,
2019-03-01,Montreal Canadiens,,New York Rangers,,,,,
2019-03-01,Colorado Avalanche,,San Jose Sharks,,,,,
2019-03-01,Nashville Predators,,Winnipeg Jets,,,,,
2019-03-02,Detroit Red Wings,,Arizona Coyotes,,,,,
2019-03-02,New Jersey Devils,,Boston Bruins,,,,,
2019-03-02,Edmonton Oilers,,Columbus Blue Jackets,,,,,
2019-03-02,Minnesota Wild,,Calgary Flames,,,,,
2019-03-02,Carolina Hurricanes,,Florida Panthers,,,,,
2019-03-02,Chicago Blackhawks,,Los Angeles Kings,,,,,
2019-03-02,Pittsburgh Penguins,,Montreal Canadiens,,,,,
2019-03-02,Dallas Stars,,St. Louis Blues,,,,,
2019-03-02,Ottawa Senators,,Tampa Bay Lightning,,,,,
2019-03-02,Buffalo Sabres,,Toronto Maple Leafs,,,,,
2019-03-03,Colorado Avalanche,,Anaheim Ducks,,,,,
2019-03-03,Winnipeg Jets,,Columbus Blue Jackets,,,,,
2019-03-03,Ottawa Senators,,Florida Panthers,,,,,
2019-03-03,Nashville Predators,,Minnesota Wild,,,,,
2019-03-03,Philadelphia Flyers,,New York Islanders,,,,,
2019-03-03,Washington Capitals,,New York Rangers,,,,,
2019-03-03,Chicago Blackhawks,,San Jose Sharks,,,,,
2019-03-03,Vancouver Canucks,,Vegas Golden Knights,,,,,
2019-03-04,Edmonton Oilers,,Buffalo Sabres,,,,,
2019-03-04,Toronto Maple Leafs,,Calgary Flames,,,,,
2019-03-05,Anaheim Ducks,,Arizona Coyotes,,,,,
2019-03-05,Carolina Hurricanes,,Boston Bruins,,,,,
2019-03-05,Detroit Red Wings,,Colorado Avalanche,,,,,
2019-03-05,New York Rangers,,Dallas Stars,,,,,
2019-03-05,Montreal Canadiens,,Los Angeles Kings,,,,,
2019-03-05,Columbus Blue Jackets,,New Jersey Devils,,,,,
2019-03-05,Minnesota Wild,,Nashville Predators,,,,,
2019-03-05,Ottawa Senators,,New York Islanders,,,,,
2019-03-05,Florida Panthers,,Pittsburgh Penguins,,,,,
2019-03-05,Winnipeg Jets,,Tampa Bay Lightning,,,,,
2019-03-06,St. Louis Blues,,Anaheim Ducks,,,,,
2019-03-06,Washington Capitals,,Philadelphia Flyers,,,,,
2019-03-06,Toronto Maple Leafs,,Vancouver Canucks,,,,,
2019-03-06,Calgary Flames,,Vegas Golden Knights,,,,,
2019-03-07,Calgary Flames,,Arizona Coyotes,,,,,
2019-03-07,Florida Panthers,,Boston Bruins,,,,,
2019-03-07,Buffalo Sabres,,Chicago Blackhawks,,,,,
2019-03-07,Colorado Avalanche,,Dallas Stars,,,,,
2019-03-07,New York Rangers,,Detroit Red Wings,,,,,
2019-03-07,Vancouver Canucks,,Edmonton Oilers,,,,,
2019-03-07,St. Louis Blues,,Los Angeles Kings,,,,,
2019-03-07,New York Islanders,,Ottawa Senators,,,,,
2019-03-07,Columbus Blue Jackets,,Pittsburgh Penguins,,,,,
2019-03-07,Montreal Canadiens,,San Jose Sharks,,,,,
2019-03-07,Minnesota Wild,,Tampa Bay Lightning,,,,,
2019-03-08,Montreal Canadiens,,Anaheim Ducks,,,,,
2019-03-08,Winnipeg Jets,,Carolina Hurricanes,,,,,
2019-03-08,Minnesota Wild,,Florida Panthers,,,,,
2019-03-08,New Jersey Devils,,Washington Capitals,,,,,
2019-03-09,Los Angeles Kings,,Arizona Coyotes,,,,,
2019-03-09,Ottawa Senators,,Boston Bruins,,,,,
2019-03-09,Pittsburgh Penguins,,Columbus Blue Jackets,,,,,
2019-03-09,Buffalo Sabres,,Colorado Avalanche,,,,,
2019-03-09,Chicago Blackhawks,,Dallas Stars,,,,,
2019-03-09,Toronto Maple Leafs,,Edmonton Oilers,,,,,
2019-03-09,Carolina Hurricanes,,Nashville Predators,,,,,
2019-03-09,Philadelphia Flyers,,New York Islanders,,,,,
2019-03-09,New Jersey Devils,,New York Rangers,,,,,
2019-03-09,St. Louis Blues,,San Jose Sharks,,,,,
2019-03-09,Detroit Red Wings,,Tampa Bay Lightning,,,,,
2019-03-09,Vegas Golden Knights,,Vancouver Canucks,,,,,
2019-03-10,Los Angeles Kings,,Anaheim Ducks,,,,,
2019-03-10,Vegas Golden Knights,,Calgary Flames,,,,,
2019-03-10,Detroit Red Wings,,Florida Panthers,,,,,
2019-03-10,Boston Bruins,,Pittsburgh Penguins,,,,,
2019-03-10,Winnipeg Jets,,Washington Capitals,,,,,
2019-03-11,Arizona Coyotes,,Chicago Blackhawks,,,,,
2019-03-11,Carolina Hurricanes,,Colorado Avalanche,,,,,
2019-03-11,New York Rangers,,Edmonton Oilers,,,,,
2019-03-11,San Jose Sharks,,Minnesota Wild,,,,,
2019-03-11,Columbus Blue Jackets,,New York Islanders,,,,,
2019-03-11,Ottawa Senators,,Philadelphia Flyers,,,,,
2019-03-11,Tampa Bay Lightning,,Toronto Maple Leafs,,,,,
2019-03-12,Nashville Predators,,Anaheim Ducks,,,,,
2019-03-12,Dallas Stars,,Buffalo Sabres,,,,,
2019-03-12,Boston Bruins,,Columbus Blue Jackets,,,,,
2019-03-12,New Jersey Devils,,Calgary Flames,,,,,
2019-03-12,Detroit Red Wings,,Montreal Canadiens,,,,,
2019-03-12,Washington Capitals,,Pittsburgh Penguins,,,,,
2019-03-12,Arizona Coyotes,,St. Louis Blues,,,,,
2019-03-12,San Jose Sharks,,Winnipeg Jets,,,,,
2019-03-13,New Jersey Devils,,Edmonton Oilers,,,,,
2019-03-13,Chicago Blackhawks,,Toronto Maple Leafs,,,,,
2019-03-13,New York Rangers,,Vancouver Canucks,,,,,
2019-03-14,Anaheim Ducks,,Arizona Coyotes,,,,,
2019-03-14,Pittsburgh Penguins,,Buffalo Sabres,,,,,
2019-03-14,Tampa Bay Lightning,,Detroit Red Wings,,,,,
2019-03-14,Nashville Predators,,Los Angeles Kings,,,,,
2019-03-14,Dallas Stars,,Minnesota Wild,,,,,
2019-03-14,Montreal Canadiens,,New York Islanders,,,,,
2019-03-14,St. Louis Blues,,Ottawa Senators,,,,,
2019-03-14,Washington Capitals,,Philadelphia Flyers,,,,,
2019-03-14,Florida Panthers,,San Jose Sharks,,,,,
2019-03-14,Boston Bruins,,Winnipeg Jets,,,,,
2019-03-15,Carolina Hurricanes,,Columbus Blue Jackets,,,,,
2019-03-15,New York Rangers,,Calgary Flames,,,,,
2019-03-15,Anaheim Ducks,,Colorado Avalanche,,,,,
2019-03-15,Vegas Golden Knights,,Dallas Stars,,,,,
2019-03-15,Philadelphia Flyers,,Toronto Maple Leafs,,,,,
2019-03-15,New Jersey Devils,,Vancouver Canucks,,,,,
2019-03-16,Edmonton Oilers,,Arizona Coyotes,,,,,
2019-03-16,Columbus Blue Jackets,,Boston Bruins,,,,,
2019-03-16,Buffalo Sabres,,Carolina Hurricanes,,,,,
2019-03-16,New York Islanders,,Detroit Red Wings,,,,,
2019-03-16,Florida Panthers,,Los Angeles Kings,,,,,
2019-03-16,New York Rangers,,Minnesota Wild,,,,,
2019-03-16,Chicago Blackhawks,,Montreal Canadiens,,,,,
2019-03-16,Toronto Maple Leafs,,Ottawa Senators,,,,,
2019-03-16,St. Louis Blues,,Pittsburgh Penguins,,,,,
2019-03-16,Nashville Predators,,San Jose Sharks,,,,,
2019-03-16,Washington Capitals,,Tampa Bay Lightning,,,,,
2019-03-16,Calgary Flames,,Winnipeg Jets,,,,,
2019-03-17,Florida Panthers,,Anaheim Ducks,,,,,
2019-03-17,St. Louis Blues,,Buffalo Sabres,,,,,
2019-03-17,New Jersey Devils,,Colorado Avalanche,,,,,
2019-03-17,Vancouver Canucks,,Dallas Stars,,,,,
2019-03-17,New York Islanders,,Minnesota Wild,,,,,
2019-03-17,Philadelphia Flyers,,Pittsburgh Penguins,,,,,
2019-03-17,Edmonton Oilers,,Vegas Golden Knights,,,,,
2019-03-18,Vancouver Canucks,,Chicago Blackhawks,,,,,
2019-03-18,Winnipeg Jets,,Los Angeles Kings,,,,,
2019-03-18,Vegas Golden Knights,,San Jose Sharks,,,,,
2019-03-18,Arizona Coyotes,,Tampa Bay Lightning,,,,,
2019-03-19,Pittsburgh Penguins,,Carolina Hurricanes,,,,,
2019-03-19,Columbus Blue Jackets,,Calgary Flames,,,,,
2019-03-19,Florida Panthers,,Dallas Stars,,,,,
2019-03-19,Colorado Avalanche,,Minnesota Wild,,,,,
2019-03-19,Washington Capitals,,New Jersey Devils,,,,,
2019-03-19,Toronto Maple Leafs,,Nashville Predators,,,,,
2019-03-19,Boston Bruins,,New York Islanders,,,,,
2019-03-19,Detroit Red Wings,,New York Rangers,,,,,
2019-03-19,Montreal Canadiens,,Philadelphia Flyers,,,,,
2019-03-19,Edmonton Oilers,,St. Louis Blues,,,,,
2019-03-20,Winnipeg Jets,,Anaheim Ducks,,,,,
2019-03-20,Toronto Maple Leafs,,Buffalo Sabres,,,,,
2019-03-20,Ottawa Senators,,Vancouver Canucks,,,,,
2019-03-20,Tampa Bay Lightning,,Washington Capitals,,,,,
2019-03-21,Tampa Bay Lightning,,Carolina Hurricanes,,,,,
2019-03-21,Ottawa Senators,,Calgary Flames,,,,,
2019-03-21,Philadelphia Flyers,,Chicago Blackhawks,,,,,
2019-03-21,Colorado Avalanche,,Dallas Stars,,,,,
2019-03-21,Columbus Blue Jackets,,Edmonton Oilers,,,,,
2019-03-21,Arizona Coyotes,,Florida Panthers,,,,,
2019-03-21,San Jose Sharks,,Los Angeles Kings,,,,,
2019-03-21,New York Islanders,,Montreal Canadiens,,,,,
2019-03-21,Boston Bruins,,New Jersey Devils,,,,,
2019-03-21,Pittsburgh Penguins,,Nashville Predators,,,,,
2019-03-21,Detroit Red Wings,,St. Louis Blues,,,,,
2019-03-21,Winnipeg Jets,,Vegas Golden Knights,,,,,
2019-03-22,San Jose Sharks,,Anaheim Ducks,,,,,
2019-03-22,Minnesota Wild,,Washington Capitals,,,,,
2019-03-23,Minnesota Wild,,Carolina Hurricanes,,,,,
2019-03-23,Chicago Blackhawks,,Colorado Avalanche,,,,,
2019-03-23,Pittsburgh Penguins,,Dallas Stars,,,,,
2019-03-23,Ottawa Senators,,Edmonton Oilers,,,,,
2019-03-23,Boston Bruins,,Florida Panthers,,,,,
2019-03-23,Anaheim Ducks,,Los Angeles Kings,,,,,
2019-03-23,Buffalo Sabres,,Montreal Canadiens,,,,,
2019-03-23,Arizona Coyotes,,New Jersey Devils,,,,,
2019-03-23,New York Islanders,,Philadelphia Flyers,,,,,
2019-03-23,Tampa Bay Lightning,,St. Louis Blues,,,,,
2019-03-23,New York Rangers,,Toronto Maple Leafs,,,,,
2019-03-23,Calgary Flames,,Vancouver Canucks,,,,,
2019-03-23,Detroit Red Wings,,Vegas Golden Knights,,,,,
2019-03-23,Nashville Predators,,Winnipeg Jets,,,,,
2019-03-24,Montreal Canadiens,,Carolina Hurricanes,,,,,
2019-03-24,Colorado Avalanche,,Chicago Blackhawks,,,,,
2019-03-24,Arizona Coyotes,,New York Islanders,,,,,
2019-03-24,Columbus Blue Jackets,,Vancouver Canucks,,,,,
2019-03-24,Philadelphia Flyers,,Washington Capitals,,,,,
2019-03-25,Los Angeles Kings,,Calgary Flames,,,,,
2019-03-25,Nashville Predators,,Minnesota Wild,,,,,
2019-03-25,Buffalo Sabres,,New Jersey Devils,,,,,
2019-03-25,Pittsburgh Penguins,,New York Rangers,,,,,
2019-03-25,Detroit Red Wings,,San Jose Sharks,,,,,
2019-03-25,Vegas Golden Knights,,St. Louis Blues,,,,,
2019-03-25,Boston Bruins,,Tampa Bay Lightning,,,,,
2019-03-25,Florida Panthers,,Toronto Maple Leafs,,,,,
2019-03-25,Dallas Stars,,Winnipeg Jets,,,,,
2019-03-26,Chicago Blackhawks,,Arizona Coyotes,,,,,
2019-03-26,New York Islanders,,Columbus Blue Jackets,,,,,
2019-03-26,Los Angeles Kings,,Edmonton Oilers,,,,,
2019-03-26,Florida Panthers,,Montreal Canadiens,,,,,
2019-03-26,Buffalo Sabres,,Ottawa Senators,,,,,
2019-03-26,Anaheim Ducks,,Vancouver Canucks,,,,,
2019-03-26,Carolina Hurricanes,,Washington Capitals,,,,,
2019-03-27,New York Rangers,,Boston Bruins,,,,,
2019-03-27,Dallas Stars,,Calgary Flames,,,,,
2019-03-27,Vegas Golden Knights,,Colorado Avalanche,,,,,
2019-03-27,Toronto Maple Leafs,,Philadelphia Flyers,,,,,
2019-03-28,Detroit Red Wings,,Buffalo Sabres,,,,,
2019-03-28,Washington Capitals,,Carolina Hurricanes,,,,,
2019-03-28,Montreal Canadiens,,Columbus Blue Jackets,,,,,
2019-03-28,Dallas Stars,,Edmonton Oilers,,,,,
2019-03-28,Florida Panthers,,Ottawa Senators,,,,,
2019-03-28,Chicago Blackhawks,,San Jose Sharks,,,,,
2019-03-28,Los Angeles Kings,,Vancouver Canucks,,,,,
2019-03-28,New York Islanders,,Winnipeg Jets,,,,,
2019-03-29,Anaheim Ducks,,Calgary Flames,,,,,
2019-03-29,Arizona Coyotes,,Colorado Avalanche,,,,,
2019-03-29,New Jersey Devils,,Detroit Red Wings,,,,,
2019-03-29,St. Louis Blues,,New York Rangers,,,,,
2019-03-29,Nashville Predators,,Pittsburgh Penguins,,,,,
2019-03-29,Minnesota Wild,,Vegas Golden Knights,,,,,
2019-03-30,Florida Panthers,,Boston Bruins,,,,,
2019-03-30,Philadelphia Flyers,,Carolina Hurricanes,,,,,
2019-03-30,Anaheim Ducks,,Edmonton Oilers,,,,,
2019-03-30,Chicago Blackhawks,,Los Angeles Kings,,,,,
2019-03-30,St. Louis Blues,,New Jersey Devils,,,,,
2019-03-30,Columbus Blue Jackets,,Nashville Predators,,,,,
2019-03-30,Buffalo Sabres,,New York Islanders,,,,,
2019-03-30,Toronto Maple Leafs,,Ottawa Senators,,,,,
2019-03-30,Vegas Golden Knights,,San Jose Sharks,,,,,
2019-03-30,Washington Capitals,,Tampa Bay Lightning,,,,,
2019-03-30,Dallas Stars,,Vancouver Canucks,,,,,
2019-03-30,Montreal Canadiens,,Winnipeg Jets,,,,,
2019-03-31,Minnesota Wild,,Arizona Coyotes,,,,,
2019-03-31,Columbus Blue Jackets,,Buffalo Sabres,,,,,
2019-03-31,Boston Bruins,,Detroit Red Wings,,,,,
2019-03-31,New York Rangers,,Philadelphia Flyers,,,,,
2019-03-31,Carolina Hurricanes,,Pittsburgh Penguins,,,,,
2019-03-31,Calgary Flames,,San Jose Sharks,,,,,
2019-04-01,Winnipeg Jets,,Chicago Blackhawks,,,,,
2019-04-01,Washington Capitals,,Florida Panthers,,,,,
2019-04-01,Calgary Flames,,Los Angeles Kings,,,,,
2019-04-01,New York Rangers,,New Jersey Devils,,,,,
2019-04-01,Toronto Maple Leafs,,New York Islanders,,,,,
2019-04-01,Tampa Bay Lightning,,Ottawa Senators,,,,,
2019-04-01,Colorado Avalanche,,St. Louis Blues,,,,,
2019-04-01,Edmonton Oilers,,Vegas Golden Knights,,,,,
2019-04-02,Los Angeles Kings,,Arizona Coyotes,,,,,
2019-04-02,Nashville Predators,,Buffalo Sabres,,,,,
2019-04-02,Boston Bruins,,Columbus Blue Jackets,,,,,
2019-04-02,Edmonton Oilers,,Colorado Avalanche,,,,,
2019-04-02,Philadelphia Flyers,,Dallas Stars,,,,,
2019-04-02,Pittsburgh Penguins,,Detroit Red Wings,,,,,
2019-04-02,Winnipeg Jets,,Minnesota Wild,,,,,
2019-04-02,Tampa Bay Lightning,,Montreal Canadiens,,,,,
2019-04-02,Carolina Hurricanes,,Toronto Maple Leafs,,,,,
2019-04-02,San Jose Sharks,,Vancouver Canucks,,,,,
2019-04-03,Calgary Flames,,Anaheim Ducks,,,,,
2019-04-03,St. Louis Blues,,Chicago Blackhawks,,,,,
2019-04-03,Ottawa Senators,,New York Rangers,,,,,
2019-04-04,Ottawa Senators,,Buffalo Sabres,,,,,
2019-04-04,New Jersey Devils,,Carolina Hurricanes,,,,,
2019-04-04,Winnipeg Jets,,Colorado Avalanche,,,,,
2019-04-04,San Jose Sharks,,Edmonton Oilers,,,,,
2019-04-04,New York Islanders,,Florida Panthers,,,,,
2019-04-04,Boston Bruins,,Minnesota Wild,,,,,
2019-04-04,Vancouver Canucks,,Nashville Predators,,,,,
2019-04-04,Detroit Red Wings,,Pittsburgh Penguins,,,,,
2019-04-04,Philadelphia Flyers,,St. Louis Blues,,,,,
2019-04-04,Tampa Bay Lightning,,Toronto Maple Leafs,,,,,
2019-04-04,Arizona Coyotes,,Vegas Golden Knights,,,,,
2019-04-04,Montreal Canadiens,,Washington Capitals,,,,,
2019-04-05,Los Angeles Kings,,Anaheim Ducks,,,,,
2019-04-05,Dallas Stars,,Chicago Blackhawks,,,,,
2019-04-05,Columbus Blue Jackets,,New York Rangers,,,,,
2019-04-06,Winnipeg Jets,,Arizona Coyotes,,,,,
2019-04-06,Tampa Bay Lightning,,Boston Bruins,,,,,
2019-04-06,Edmonton Oilers,,Calgary Flames,,,,,
2019-04-06,Minnesota Wild,,Dallas Stars,,,,,
2019-04-06,Buffalo Sabres,,Detroit Red Wings,,,,,
2019-04-06,New Jersey Devils,,Florida Panthers,,,,,
2019-04-06,Vegas Golden Knights,,Los Angeles Kings,,,,,
2019-04-06,Toronto Maple Leafs,,Montreal Canadiens,,,,,
2019-04-06,Chicago Blackhawks,,Nashville Predators,,,,,
2019-04-06,Columbus Blue Jackets,,Ottawa Senators,,,,,
2019-04-06,Carolina Hurricanes,,Philadelphia Flyers,,,,,
2019-04-06,New York Rangers,,Pittsburgh Penguins,,,,,
2019-04-06,Colorado Avalanche,,San Jose Sharks,,,,,
2019-04-06,Vancouver Canucks,,St. Louis Blues,,,,,
2019-04-06,New York Islanders,,Washington Capitals,,,,,